date,T2M,T2M_MAX,T2M_MIN,RH2M,PRECTOTCORR,WS2M,ALLSKY_SFC_SW_DWN
2019-11-01,21.69,28.8,15.07,67.22,3.27,1.82,21.95
2019-11-02,22.52,29.42,16.45,65.54,1.75,1.88,25.21
2019-11-03,21.85,28.21,16.14,67.08,2.56,2.05,23.06
2019-11-04,21.56,27.23,16.97,70.57,4.16,2.61,22.85
2019-11-05,22.36,28.78,16.69,68.07,2.5,2.0,22.7
2019-11-06,22.48,28.96,16.87,66.56,2.01,1.64,23.44
2019-11-07,22.22,28.21,17.53,69.58,3.23,1.97,20.38
2019-11-08,22.54,29.47,17.15,65.15,1.02,2.22,18.02
2019-11-09,22.61,30.17,16.41,63.37,1.24,2.65,20.15
2019-11-10,22.66,30.27,16.32,66.48,2.31,2.65,22.31
2019-11-11,22.13,28.74,18.33,74.46,18.98,2.91,18.24
2019-11-12,21.3,27.02,17.87,77.36,5.76,2.92,13.29
2019-11-13,21.69,27.75,17.33,73.86,0.98,3.04,20.39
2019-11-14,21.25,27.27,16.83,72.58,0.65,3.43,19.22
2019-11-15,21.89,28.83,16.46,68.53,0.4,2.65,23.89
2019-11-16,21.97,28.61,17.1,69.95,0.66,3.11,23.76
2019-11-17,20.92,26.52,16.27,73.32,2.32,3.04,21.73
2019-11-18,21.47,28.04,16.63,71.59,2.47,3.02,20.34
2019-11-19,21.21,28.47,16.25,68.87,3.66,3.55,22.78
2019-11-20,21.63,29.18,15.74,67.3,1.26,2.54,21.93
2019-11-21,22.29,29.93,16.67,65.86,2.73,2.05,21.96
2019-11-22,21.74,27.96,17.38,72.67,11.14,2.08,20.14
2019-11-23,20.47,26.43,16.64,76.49,9.31,2.91,9.7
2019-11-24,20.55,26.31,16.14,76.42,5.22,2.31,13.61
2019-11-25,20.09,25.41,16.29,75.36,8.12,2.12,13.26
2019-11-26,20.11,25.77,16.43,76.56,4.91,1.78,15.92
2019-11-27,20.1,26.06,16.53,76.0,3.44,2.16,21.82
2019-11-28,21.18,28.03,16.17,68.8,1.18,2.48,24.05
2019-11-29,21.31,27.49,16.2,70.34,4.55,1.87,21.62
2019-11-30,21.29,27.0,17.3,75.38,12.31,1.97,16.97
2019-12-01,21.01,26.7,17.08,76.87,13.5,2.5,16.65
2019-12-02,20.55,25.62,16.8,77.46,12.8,2.41,19.25
2019-12-03,21.48,27.27,17.35,76.35,24.81,2.28,14.79
2019-12-04,21.35,26.14,17.44,77.82,12.56,1.72,17.72
2019-12-05,20.99,25.98,17.64,80.29,16.23,1.82,15.14
2019-12-06,20.93,25.42,17.59,80.59,7.84,2.53,19.99
2019-12-07,20.77,26.0,16.92,79.65,7.66,2.18,18.82
2019-12-08,20.8,25.95,15.82,75.34,1.2,2.0,18.2
2019-12-09,20.92,26.7,16.1,78.16,9.51,2.11,18.55
2019-12-10,20.67,26.15,16.75,80.28,15.73,2.81,13.92
2019-12-11,20.22,25.86,16.05,77.42,0.64,2.91,21.31
2019-12-12,20.45,26.46,15.97,75.49,1.02,2.46,22.22
2019-12-13,20.18,26.45,14.85,76.04,1.33,2.31,19.01
2019-12-14,20.04,24.9,16.62,78.27,3.19,2.57,19.08
2019-12-15,19.95,25.87,15.1,75.81,5.16,2.36,19.43
2019-12-16,20.49,26.72,15.42,74.28,1.35,2.16,24.33
2019-12-17,21.13,27.42,16.03,72.15,0.17,2.26,22.93
2019-12-18,20.56,27.07,15.79,71.93,0.12,2.89,23.41
2019-12-19,19.38,27.06,13.18,65.72,0.01,2.97,26.6
2019-12-20,20.49,28.21,13.03,68.43,0.07,1.92,23.29
2019-12-21,20.87,25.87,17.04,75.04,0.76,2.48,19.64
2019-12-22,20.82,26.4,17.02,74.91,2.64,2.43,19.22
2019-12-23,20.85,26.58,16.14,75.73,4.03,1.89,20.4
2019-12-24,21.36,27.67,16.81,74.45,7.36,2.11,20.78
2019-12-25,21.14,27.08,17.12,76.26,10.06,2.02,21.48
2019-12-26,21.16,26.34,17.32,75.57,2.97,1.74,16.54
2019-12-27,22.0,28.44,16.41,69.48,0.27,1.78,21.78
2019-12-28,21.73,27.25,17.12,72.51,1.42,1.76,19.01
2019-12-29,20.64,25.69,16.3,75.07,1.78,2.31,20.26
2019-12-30,20.58,28.1,14.63,70.58,0.19,2.89,23.41
2019-12-31,20.43,27.38,15.49,72.71,1.9,2.68,22.86
2020-01-01,20.57,28.46,13.9,67.33,0.09,2.74,25.8
2020-01-02,20.4,27.42,14.84,74.07,1.66,3.17,21.23
2020-01-03,20.72,27.66,15.83,73.31,1.09,3.3,20.46
2020-01-04,20.07,27.02,15.35,70.94,0.02,3.47,22.81
2020-01-05,20.55,27.19,14.26,66.93,1.44,2.57,22.01
2020-01-06,21.44,28.34,15.77,64.33,1.86,2.37,21.37
2020-01-07,20.64,26.26,15.59,73.04,0.96,3.37,21.85
2020-01-08,20.74,27.64,16.38,72.46,1.24,3.68,18.72
2020-01-09,20.81,27.42,15.37,71.85,1.0,2.61,23.64
2020-01-10,21.57,29.3,15.2,63.61,0.07,2.31,24.76
2020-01-11,21.88,29.4,14.89,60.93,0.08,2.33,23.78
2020-01-12,21.44,27.95,15.13,64.54,0.53,1.58,20.58
2020-01-13,20.75,27.04,16.36,72.11,11.33,1.98,14.93
2020-01-14,20.86,26.64,15.86,73.04,4.27,2.04,21.72
2020-01-15,21.43,28.77,15.5,69.57,0.96,2.77,23.78
2020-01-16,21.76,28.37,16.18,68.06,1.69,2.25,22.1
2020-01-17,21.22,26.44,16.88,67.58,0.99,2.02,24.56
2020-01-18,22.18,29.52,16.17,58.39,0.02,2.07,25.17
2020-01-19,22.3,29.94,15.41,54.53,0.01,2.1,26.12
2020-01-20,22.23,29.97,15.48,55.6,0.01,2.09,24.79
2020-01-21,22.63,30.27,14.9,54.97,0.0,2.01,24.88
2020-01-22,22.57,29.54,15.75,56.06,0.02,1.88,23.5
2020-01-23,21.35,26.29,16.8,62.49,0.21,1.98,19.79
2020-01-24,22.4,28.58,17.6,64.14,0.34,2.16,14.68
2020-01-25,21.38,26.56,17.52,74.53,2.11,2.55,17.32
2020-01-26,20.02,23.33,17.72,81.33,6.35,1.88,13.31
2020-01-27,21.34,28.07,16.41,72.37,7.53,3.08,15.63
2020-01-28,21.08,27.93,16.16,73.92,8.83,3.28,16.1
2020-01-29,20.56,25.98,16.76,76.57,11.33,2.38,17.12
2020-01-30,21.43,27.47,16.6,73.39,7.44,2.42,18.3
2020-01-31,21.19,25.94,16.97,74.93,11.71,1.23,20.62
2020-02-01,19.61,23.26,17.55,81.36,22.67,1.47,20.73
2020-02-02,20.38,25.8,16.38,78.35,5.31,1.65,20.73
2020-02-03,21.68,28.58,17.23,71.42,1.38,2.28,24.32
2020-02-04,20.38,26.4,15.99,74.17,0.46,2.52,23.7
2020-02-05,21.14,28.56,15.63,70.73,2.74,2.64,23.9
2020-02-06,19.96,26.06,15.38,71.62,1.25,2.77,26.11
2020-02-07,20.79,29.59,13.7,63.24,0.03,3.15,27.53
2020-02-08,20.83,29.31,14.07,63.04,0.03,3.34,27.21
2020-02-09,20.62,28.89,13.94,67.54,0.28,3.14,28.11
2020-02-10,21.29,30.38,13.4,57.39,0.05,2.94,27.98
2020-02-11,22.67,30.77,13.81,50.55,0.0,1.41,28.38
2020-02-12,23.57,30.63,16.28,55.37,0.09,1.77,23.85
2020-02-13,22.48,29.19,17.98,67.65,3.81,3.63,21.35
2020-02-14,21.67,28.81,16.33,67.59,1.06,4.07,22.63
2020-02-15,21.05,27.94,16.13,72.17,4.37,3.8,20.0
2020-02-16,21.45,28.79,14.91,69.96,1.34,3.4,18.06
2020-02-17,22.4,30.29,15.74,66.69,0.31,3.04,25.95
2020-02-18,22.55,30.79,15.85,65.86,0.31,3.15,25.36
2020-02-19,22.63,30.57,16.26,65.63,0.42,3.22,23.96
2020-02-20,23.51,32.02,16.76,60.25,0.15,3.12,25.62
2020-02-21,23.18,31.5,15.9,58.51,0.02,3.48,25.54
2020-02-22,22.09,29.6,16.36,67.89,0.61,3.46,23.26
2020-02-23,22.2,29.4,16.57,67.36,0.46,3.7,21.71
2020-02-24,22.52,30.7,15.02,60.58,0.08,3.3,26.84
2020-02-25,23.35,30.9,15.9,60.31,0.79,2.02,20.05
2020-02-26,22.66,29.56,16.92,65.28,1.53,2.74,19.1
2020-02-27,23.11,30.88,18.62,65.87,1.54,2.95,19.87
2020-02-28,23.3,31.49,16.2,58.46,0.14,3.05,25.41
2020-02-29,23.88,31.86,15.53,56.91,0.54,2.23,26.79
2020-03-01,24.56,31.68,17.92,58.53,2.24,2.09,25.54
2020-03-02,22.15,25.82,18.11,68.33,2.08,1.83,17.5
2020-03-03,23.24,30.47,17.16,66.14,1.07,2.49,19.28
2020-03-04,23.44,30.87,17.77,62.81,2.3,2.73,20.51
2020-03-05,23.81,31.9,17.14,57.35,0.63,2.15,22.53
2020-03-06,23.85,31.77,16.93,58.65,2.14,2.07,26.08
2020-03-07,23.72,31.29,16.77,61.22,1.64,2.45,25.48
2020-03-08,23.36,31.21,17.57,69.19,6.63,2.93,22.15
2020-03-09,22.82,28.27,19.3,72.04,8.36,1.8,19.71
2020-03-10,23.38,31.52,17.32,63.35,0.09,2.56,21.07
2020-03-11,24.05,32.5,16.77,62.42,0.39,2.85,23.78
2020-03-12,23.63,30.95,18.24,62.9,1.69,3.78,22.12
2020-03-13,23.58,30.73,18.42,65.11,2.97,3.36,25.15
2020-03-14,23.4,30.52,18.12,65.42,1.66,2.58,24.27
2020-03-15,24.01,32.55,16.12,58.85,0.11,2.66,25.95
2020-03-16,24.62,32.89,17.66,59.42,0.93,2.83,25.41
2020-03-17,22.84,29.76,17.2,67.07,3.75,3.19,22.87
2020-03-18,22.71,30.69,16.36,64.7,3.24,2.87,22.44
2020-03-19,22.4,29.8,16.16,65.93,2.65,3.09,20.1
2020-03-20,22.32,29.81,16.95,68.56,3.86,3.13,23.1
2020-03-21,23.13,32.06,15.92,59.4,0.11,3.62,26.47
2020-03-22,23.23,32.12,15.4,56.61,1.86,3.23,26.57
2020-03-23,23.24,30.22,17.03,59.55,1.65,2.84,23.4
2020-03-24,23.47,31.89,16.39,61.76,12.22,2.58,25.11
2020-03-25,22.91,29.73,17.6,69.09,10.67,1.88,21.46
2020-03-26,21.42,26.55,18.54,76.89,35.75,1.7,19.54
2020-03-27,20.33,24.02,18.0,81.34,21.16,1.86,17.46
2020-03-28,21.51,27.34,17.72,72.07,3.74,1.81,13.78
2020-03-29,21.01,26.58,17.12,72.14,4.31,2.06,20.1
2020-03-30,21.96,29.86,15.9,67.58,0.59,2.6,25.5
2020-03-31,22.38,30.0,16.64,69.03,1.06,3.13,24.23
2020-04-01,22.2,30.83,16.31,70.27,1.89,3.27,23.14
2020-04-02,22.35,29.82,16.36,69.22,0.24,3.21,26.54
2020-04-03,23.0,30.99,17.13,66.84,0.24,3.45,25.88
2020-04-04,23.17,31.28,17.6,62.21,0.59,2.95,24.45
2020-04-05,22.73,30.3,16.63,64.84,0.31,3.33,23.9
2020-04-06,22.58,29.7,17.17,68.78,4.82,3.02,23.44
2020-04-07,22.41,28.82,17.87,69.83,1.28,3.22,24.79
2020-04-08,22.89,30.93,16.21,64.88,0.21,3.18,26.62
2020-04-09,23.08,30.83,16.07,63.22,0.46,3.02,21.73
2020-04-10,24.11,32.2,16.67,58.29,0.31,2.38,23.87
2020-04-11,24.28,32.08,17.46,59.33,0.32,2.13,25.05
2020-04-12,23.89,31.72,17.6,63.17,4.56,2.14,23.8
2020-04-13,21.96,27.58,19.05,75.56,5.7,2.57,17.74
2020-04-14,23.25,29.58,18.34,68.74,5.88,1.85,20.16
2020-04-15,22.37,28.9,18.47,74.16,12.61,2.07,21.38
2020-04-16,22.26,28.23,18.34,71.31,16.0,1.71,23.48
2020-04-17,21.99,27.03,17.73,73.36,7.37,1.71,20.55
2020-04-18,21.36,26.86,17.88,80.71,43.95,1.82,15.67
2020-04-19,20.2,24.25,17.81,83.71,32.63,1.62,18.21
2020-04-20,19.13,22.1,17.01,85.74,7.64,1.44,14.6
2020-04-21,20.13,25.12,15.93,80.08,12.51,1.69,14.94
2020-04-22,20.0,24.37,16.8,82.08,8.87,1.7,14.33
2020-04-23,20.32,24.61,16.63,80.37,4.86,1.2,13.09
2020-04-24,19.03,21.22,17.24,91.67,22.28,1.48,15.34
2020-04-25,19.87,24.46,16.56,82.02,5.86,1.4,18.53
2020-04-26,20.74,26.19,15.81,77.14,7.3,1.85,19.9
2020-04-27,21.4,27.09,17.09,75.93,9.54,2.14,23.13
2020-04-28,20.42,26.8,14.91,76.44,6.44,2.33,21.9
2020-04-29,20.79,26.02,15.94,77.62,6.79,1.63,21.51
2020-04-30,20.83,25.41,17.4,79.96,31.38,1.42,20.78
2020-05-01,21.46,26.49,17.69,79.04,8.65,1.31,22.03
2020-05-02,20.73,25.49,17.53,78.77,8.8,1.58,20.47
2020-05-03,20.69,26.66,15.51,76.59,4.06,1.44,21.18
2020-05-04,20.16,23.99,17.11,82.15,25.65,1.53,19.28
2020-05-05,21.23,26.04,17.76,82.65,23.38,1.17,20.55
2020-05-06,21.64,27.11,17.75,79.26,6.79,1.68,23.8
2020-05-07,20.76,25.58,16.81,77.87,3.53,1.94,21.38
2020-05-08,21.07,27.01,15.94,75.45,0.91,2.09,22.31
2020-05-09,20.92,26.24,16.19,78.08,5.81,1.85,21.93
2020-05-10,20.72,26.18,16.22,79.86,3.99,2.09,21.78
2020-05-11,21.07,26.74,16.66,77.25,3.52,2.39,23.11
2020-05-12,21.07,27.11,15.56,74.99,3.97,1.91,23.38
2020-05-13,20.9,26.13,16.64,78.6,1.91,1.94,25.11
2020-05-14,20.94,27.55,15.1,73.0,0.14,1.95,25.74
2020-05-15,21.54,27.61,15.56,72.74,5.71,1.72,22.95
2020-05-16,20.91,25.63,17.12,80.23,22.41,1.66,18.14
2020-05-17,20.8,26.36,16.54,77.2,4.73,1.64,18.92
2020-05-18,20.62,26.88,14.47,70.82,0.04,1.35,24.66
2020-05-19,20.72,26.71,14.5,72.16,0.09,1.49,24.19
2020-05-20,21.2,26.86,15.74,77.62,0.88,1.2,22.42
2020-05-21,21.76,26.73,17.75,75.97,0.98,1.32,22.69
2020-05-22,20.61,25.79,17.18,79.95,5.45,1.83,19.66
2020-05-23,19.58,23.48,16.59,81.92,4.62,1.32,22.31
2020-05-24,20.82,25.69,16.04,76.09,1.46,1.49,24.23
2020-05-25,21.26,27.57,15.88,73.38,0.16,1.99,24.78
2020-05-26,21.66,28.02,15.46,71.53,0.52,1.82,24.24
2020-05-27,21.59,27.67,15.61,73.08,0.9,1.79,24.39
2020-05-28,21.38,27.55,15.0,72.38,1.03,1.63,24.43
2020-05-29,21.6,27.52,16.18,74.5,5.56,1.66,21.81
2020-05-30,21.03,27.2,15.15,72.74,1.87,1.63,24.17
2020-05-31,20.68,27.65,13.86,69.12,0.05,2.3,23.8
2020-06-01,21.33,27.48,14.75,70.89,0.5,1.79,23.29
2020-06-02,21.54,27.59,15.9,71.18,0.21,2.14,22.48
2020-06-03,21.24,27.27,14.59,69.67,0.77,1.79,21.83
2020-06-04,20.95,26.2,17.07,75.32,0.38,1.63,21.21
2020-06-05,20.63,26.17,15.73,71.87,0.24,0.9,22.91
2020-06-06,20.76,25.1,17.28,74.94,6.9,1.22,20.35
2020-06-07,19.74,23.02,17.51,83.94,19.32,1.01,14.19
2020-06-08,19.42,22.86,17.08,85.39,22.68,0.76,10.9
2020-06-09,19.32,23.58,16.39,80.77,3.49,1.48,19.43
2020-06-10,19.47,24.6,14.0,76.23,1.05,1.64,19.13
2020-06-11,20.46,24.65,16.57,74.63,1.03,1.07,22.24
2020-06-12,20.09,24.63,16.57,80.84,11.21,1.44,19.99
2020-06-13,19.38,22.45,16.57,81.23,11.46,1.31,17.94
2020-06-14,19.83,24.44,16.26,80.65,12.69,1.31,18.95
2020-06-15,18.95,22.31,16.44,83.1,13.72,1.3,16.64
2020-06-16,18.93,22.97,15.26,83.47,6.55,1.16,19.87
2020-06-17,19.23,23.29,16.24,83.37,7.09,1.26,18.04
2020-06-18,20.01,24.56,15.79,76.03,2.07,0.99,18.67
2020-06-19,20.35,24.5,15.9,73.47,0.73,0.97,18.57
2020-06-20,20.57,24.72,17.14,75.72,5.33,0.98,19.54
2020-06-21,19.49,23.47,17.24,86.37,18.11,2.04,17.06
2020-06-22,19.52,23.98,16.15,83.51,4.4,1.74,19.24
2020-06-23,19.86,24.15,16.11,81.02,8.43,1.2,19.41
2020-06-24,20.86,25.55,16.54,72.84,3.71,1.16,21.7
2020-06-25,20.43,25.42,15.96,77.09,4.58,0.96,23.54
2020-06-26,18.55,21.22,15.99,80.24,17.74,1.41,21.3
2020-06-27,19.86,25.0,14.96,76.59,4.12,1.18,20.69
2020-06-28,19.84,25.9,13.52,72.29,0.41,1.5,22.11
2020-06-29,20.05,26.14,14.49,71.34,0.24,1.91,24.08
2020-06-30,19.86,26.5,12.5,65.68,0.0,1.75,24.09
2020-07-01,19.91,25.19,14.87,74.7,0.38,1.63,19.67
2020-07-02,19.83,24.49,16.09,81.54,1.58,1.29,17.66
2020-07-03,20.02,24.58,16.39,78.9,1.36,1.15,18.17
2020-07-04,19.66,24.17,15.62,79.17,0.66,1.38,17.56
2020-07-05,19.93,24.89,15.1,75.26,1.33,1.44,19.4
2020-07-06,20.32,24.95,15.88,73.87,1.64,0.83,17.28
2020-07-07,19.57,24.0,16.12,80.54,4.08,1.12,13.08
2020-07-08,19.94,24.77,15.33,76.27,2.28,1.19,15.63
2020-07-09,20.19,26.28,14.55,71.56,0.61,1.95,22.33
2020-07-10,20.19,26.3,14.84,71.3,0.79,1.81,20.9
2020-07-11,19.81,26.12,13.69,69.57,0.64,1.51,22.66
2020-07-12,20.7,26.18,15.08,72.46,1.5,1.0,21.9
2020-07-13,20.26,24.69,16.65,76.34,5.11,1.1,15.69
2020-07-14,19.36,23.78,16.32,80.9,6.64,1.36,16.9
2020-07-15,19.98,25.33,13.8,73.13,1.89,1.25,19.32
2020-07-16,19.47,24.03,16.15,75.91,1.57,2.11,18.0
2020-07-17,18.57,22.96,13.83,78.7,9.27,1.55,15.18
2020-07-18,17.77,21.06,15.85,84.87,6.19,1.0,11.07
2020-07-19,18.82,24.0,13.75,76.25,4.53,1.26,18.02
2020-07-20,18.95,23.35,15.62,80.77,5.14,1.11,17.45
2020-07-21,18.76,22.61,15.04,82.55,10.04,1.45,15.81
2020-07-22,19.04,23.99,15.58,82.88,9.55,1.29,13.51
2020-07-23,19.26,24.13,15.76,82.56,7.26,1.25,18.18
2020-07-24,19.41,24.24,15.67,83.56,8.76,1.48,15.29
2020-07-25,19.65,23.91,16.25,82.78,3.8,0.95,17.06
2020-07-26,18.97,23.42,15.3,81.66,2.01,1.47,17.01
2020-07-27,18.24,21.61,15.91,85.13,3.27,1.02,15.11
2020-07-28,18.76,22.93,16.03,82.55,6.51,0.99,14.2
2020-07-29,19.27,23.95,15.23,78.55,2.52,1.17,17.78
2020-07-30,20.03,25.71,14.46,73.33,0.71,1.66,21.75
2020-07-31,20.78,27.0,14.23,69.65,0.3,1.24,24.09
2020-08-01,20.72,26.45,15.57,72.96,3.47,1.08,23.65
2020-08-02,19.26,25.18,14.24,72.56,5.28,1.62,23.99
2020-08-03,18.85,24.95,12.64,69.86,0.64,2.11,23.38
2020-08-04,19.22,25.14,13.41,72.23,1.38,1.61,18.44
2020-08-05,20.14,25.65,14.77,73.94,1.18,0.75,18.88
2020-08-06,20.11,24.97,15.49,77.95,3.05,1.1,21.99
2020-08-07,19.78,23.69,16.83,83.72,19.58,1.16,13.75
2020-08-08,18.51,21.18,16.27,83.76,8.39,0.97,17.79
2020-08-09,19.43,24.57,14.15,76.27,5.28,1.33,10.45
2020-08-10,19.25,24.29,15.59,83.5,3.92,1.67,21.09
2020-08-11,19.79,24.38,16.8,82.71,12.14,1.32,19.66
2020-08-12,19.53,24.48,16.82,84.98,7.16,2.0,16.16
2020-08-13,19.75,24.4,16.38,81.97,11.0,1.37,19.09
2020-08-14,19.35,23.49,17.14,85.21,8.62,1.7,16.32
2020-08-15,19.82,24.11,16.94,81.88,9.26,1.39,18.84
2020-08-16,20.0,24.25,16.78,82.75,4.27,1.16,17.4
2020-08-17,20.51,26.05,15.9,77.5,0.82,1.38,21.0
2020-08-18,20.24,25.57,15.52,77.25,2.05,1.57,16.65
2020-08-19,20.31,25.15,16.55,78.05,1.57,1.01,21.39
2020-08-20,20.38,25.73,16.25,75.76,1.36,1.86,23.4
2020-08-21,20.69,26.29,15.11,74.03,0.95,1.61,20.62
2020-08-22,20.54,25.8,15.67,75.71,9.06,1.66,21.59
2020-08-23,20.69,26.26,14.91,71.1,2.88,1.57,22.02
2020-08-24,20.69,25.69,15.63,73.71,3.99,1.4,20.58
2020-08-25,20.67,26.03,14.94,71.95,2.46,1.67,22.6
2020-08-26,21.03,26.3,15.41,69.62,1.71,1.34,23.22
2020-08-27,21.14,26.71,14.7,67.89,0.32,1.4,24.78
2020-08-28,21.29,26.06,15.75,68.58,4.75,1.22,22.63
2020-08-29,19.58,23.44,16.96,79.12,2.47,0.91,21.56
2020-08-30,20.63,26.09,15.47,73.13,1.94,1.33,20.92
2020-08-31,19.98,24.34,15.69,74.58,3.37,1.21,22.37
2020-09-01,20.28,26.26,13.45,71.03,2.12,1.28,23.2
2020-09-02,20.14,27.17,12.69,64.52,0.22,1.71,26.57
2020-09-03,20.15,26.5,12.4,64.52,0.47,1.7,25.02
2020-09-04,21.1,25.82,16.68,70.22,1.82,1.31,24.23
2020-09-05,20.01,24.2,17.43,81.72,15.08,1.42,21.13
2020-09-06,19.31,22.9,16.83,84.16,9.53,1.49,16.37
2020-09-07,20.18,24.64,17.05,79.16,3.08,1.31,16.05
2020-09-08,19.71,24.74,15.67,76.96,4.86,1.46,20.08
2020-09-09,20.41,25.32,15.85,72.25,2.93,1.38,22.09
2020-09-10,21.06,27.11,14.92,68.98,2.9,1.4,23.48
2020-09-11,19.51,24.21,16.26,78.35,9.7,1.84,20.68
2020-09-12,20.56,26.35,14.58,68.87,0.99,1.51,21.04
2020-09-13,21.13,27.94,13.57,64.52,0.17,1.82,25.92
2020-09-14,21.57,28.26,14.07,61.45,0.17,2.08,26.52
2020-09-15,21.67,28.11,15.33,64.28,0.37,2.0,24.96
2020-09-16,21.67,28.56,14.48,64.59,0.89,1.78,25.83
2020-09-17,21.81,29.1,14.09,62.08,0.33,1.7,25.6
2020-09-18,21.8,29.31,14.24,62.41,0.35,1.99,27.08
2020-09-19,21.79,28.1,15.65,66.99,1.99,1.38,24.67
2020-09-20,21.44,27.36,16.08,71.18,3.31,1.45,23.73
2020-09-21,21.2,26.86,17.05,70.96,2.33,1.28,25.14
2020-09-22,21.94,27.91,15.81,66.1,1.79,1.24,24.12
2020-09-23,21.84,29.65,14.15,61.38,0.55,2.21,25.37
2020-09-24,21.9,28.1,16.23,66.91,1.69,1.32,23.51
2020-09-25,20.22,23.89,17.64,81.44,16.39,1.37,15.44
2020-09-26,20.89,26.65,16.13,75.31,4.25,1.5,20.73
2020-09-27,21.42,28.39,15.93,67.73,0.78,2.16,25.09
2020-09-28,21.91,29.88,14.29,62.05,0.27,2.36,24.52
2020-09-29,22.78,30.43,15.4,62.7,0.57,2.05,24.81
2020-09-30,22.68,29.29,16.17,65.14,1.53,1.31,23.43
2020-10-01,22.08,28.88,15.69,67.11,2.25,1.47,23.21
2020-10-02,22.59,30.09,15.1,62.06,0.89,1.86,25.54
2020-10-03,22.5,30.03,15.26,59.17,0.29,2.32,25.08
2020-10-04,22.48,30.14,14.8,56.39,0.09,2.19,24.12
2020-10-05,22.37,29.12,15.39,59.19,1.16,1.43,26.49
2020-10-06,22.72,29.13,16.05,59.93,1.06,1.19,23.25
2020-10-07,22.17,27.98,16.88,59.53,1.86,1.35,22.26
2020-10-08,22.03,28.33,15.03,60.9,0.51,1.72,24.84
2020-10-09,22.16,28.45,17.03,64.95,6.56,1.38,23.8
2020-10-10,22.08,27.88,16.6,67.45,5.4,1.3,21.59
2020-10-11,21.05,26.08,17.56,74.92,15.31,1.46,18.51
2020-10-12,22.02,27.92,16.84,67.48,2.33,1.23,21.54
2020-10-13,21.96,28.02,17.6,68.52,5.2,1.43,21.26
2020-10-14,22.25,29.03,15.45,65.04,0.64,1.43,22.17
2020-10-15,22.8,29.47,15.75,59.75,0.35,1.62,24.16
2020-10-16,22.54,28.82,15.32,59.58,0.44,1.48,23.71
2020-10-17,21.22,26.0,17.62,72.09,5.06,1.15,18.28
2020-10-18,21.4,27.33,17.23,70.2,3.94,1.6,16.69
2020-10-19,21.55,27.65,16.13,66.37,1.95,1.65,15.13
2020-10-20,21.41,27.68,16.01,68.42,1.74,2.36,18.18
2020-10-21,21.84,28.96,15.84,64.43,0.87,2.6,18.16
2020-10-22,22.29,29.88,14.75,60.06,0.4,1.74,23.53
2020-10-23,23.59,29.56,17.08,58.5,0.31,1.11,25.01
2020-10-24,23.03,29.25,17.56,62.62,1.1,1.33,22.58
2020-10-25,21.41,25.95,17.86,72.17,3.25,1.67,19.68
2020-10-26,22.32,28.44,16.93,64.24,0.67,2.46,13.38
2020-10-27,21.73,28.09,16.19,64.98,3.28,2.24,16.58
2020-10-28,21.34,27.53,17.12,71.57,9.74,2.87,20.32
2020-10-29,20.67,26.41,16.44,72.78,8.59,3.09,14.43
2020-10-30,20.82,27.72,15.85,69.54,3.13,2.77,17.62
2020-10-31,21.38,28.65,15.54,67.9,4.55,2.77,22.73
2020-11-01,21.99,30.2,15.27,62.62,0.56,2.45,24.23
2020-11-02,21.18,28.73,14.98,68.4,3.26,3.42,19.64
2020-11-03,21.15,27.79,16.19,71.4,5.02,3.54,15.92
2020-11-04,20.95,27.46,16.29,71.65,4.55,3.11,21.77
2020-11-05,21.04,28.05,15.42,72.43,9.68,3.0,21.23
2020-11-06,20.64,26.19,16.55,78.0,15.39,2.27,17.22
2020-11-07,21.48,28.24,16.93,73.6,6.71,2.18,17.65
2020-11-08,21.59,28.82,14.89,68.42,1.51,2.19,21.5
2020-11-09,21.07,26.76,16.86,74.87,5.25,2.93,18.14
2020-11-10,20.69,27.56,15.57,73.03,2.12,3.24,21.92
2020-11-11,20.68,27.22,15.67,71.84,1.76,3.17,20.01
2020-11-12,20.72,27.53,15.58,70.47,0.98,3.06,19.93
2020-11-13,20.8,27.71,15.47,72.43,1.65,3.21,22.05
2020-11-14,20.97,27.67,16.31,72.23,3.35,2.96,20.93
2020-11-15,21.6,28.95,15.81,66.9,0.53,2.66,22.04
2020-11-16,21.24,27.71,16.53,70.31,1.97,2.86,20.16
2020-11-17,21.12,28.25,15.71,67.26,1.25,3.08,23.83
2020-11-18,20.91,29.02,14.09,62.77,0.13,3.09,25.16
2020-11-19,21.53,29.02,15.56,67.88,2.06,2.56,23.04
2020-11-20,21.5,28.44,16.38,65.81,3.42,2.77,23.55
2020-11-21,21.47,29.11,14.67,63.39,0.23,2.93,24.44
2020-11-22,22.16,29.34,16.47,64.27,1.33,2.8,25.07
2020-11-23,22.31,29.9,15.85,64.72,1.71,2.71,24.72
2020-11-24,22.32,28.75,16.96,68.59,3.51,2.2,21.02
2020-11-25,22.66,28.91,17.43,66.47,4.27,1.96,18.8
2020-11-26,22.5,28.96,17.02,66.82,2.42,2.18,23.53
2020-11-27,21.6,27.97,16.92,73.65,5.8,2.89,21.09
2020-11-28,21.61,28.19,16.99,74.68,6.63,3.5,19.19
2020-11-29,21.23,27.91,16.25,73.08,9.4,2.71,20.74
2020-11-30,21.33,28.44,16.1,66.54,2.55,2.42,25.67
2020-12-01,21.17,29.34,14.0,59.79,0.27,2.55,26.34
2020-12-02,21.35,29.14,15.25,62.67,0.07,2.88,25.45
2020-12-03,20.64,28.21,14.75,64.45,0.19,3.32,23.01
2020-12-04,20.72,28.48,14.35,66.31,0.68,2.9,21.69
2020-12-05,21.88,29.61,15.54,64.04,0.46,2.81,25.49
2020-12-06,22.02,29.75,15.39,60.0,0.02,2.63,24.71
2020-12-07,22.15,30.05,14.75,60.23,0.12,2.74,23.29
2020-12-08,20.44,27.22,16.58,75.42,9.73,2.8,17.42
2020-12-09,20.55,27.88,14.25,66.61,0.44,3.25,22.06
2020-12-10,20.59,27.57,14.89,64.14,1.32,3.2,22.35
2020-12-11,20.92,28.34,14.93,59.68,0.24,3.12,25.06
2020-12-12,21.17,29.18,14.1,59.1,0.06,2.94,25.31
2020-12-13,20.65,28.65,14.37,58.5,0.0,2.98,25.04
2020-12-14,20.33,28.77,13.18,58.02,0.0,2.75,25.56
2020-12-15,20.68,29.26,13.19,53.21,0.0,2.18,26.56
2020-12-16,21.53,29.44,13.38,54.38,0.0,2.43,25.62
2020-12-17,21.11,27.94,16.69,59.11,2.12,2.94,22.08
2020-12-18,21.39,28.68,15.33,58.59,0.22,3.1,23.69
2020-12-19,21.65,29.33,14.3,53.98,0.17,2.98,20.78
2020-12-20,21.24,28.53,15.41,66.94,1.93,2.93,20.58
2020-12-21,21.53,29.54,15.15,66.58,0.83,3.27,23.03
2020-12-22,21.59,29.28,15.27,64.26,1.34,3.16,23.05
2020-12-23,21.11,28.5,14.45,66.2,1.13,2.9,20.55
2020-12-24,21.79,29.11,16.07,63.33,2.73,2.92,19.14
2020-12-25,21.9,29.77,14.84,58.57,0.28,2.65,23.66
2020-12-26,21.88,29.76,15.14,54.27,0.11,3.36,24.41
2020-12-27,21.0,29.47,14.19,47.68,0.0,3.44,26.62
2020-12-28,20.64,29.53,12.91,47.94,0.01,3.37,26.67
2020-12-29,21.45,30.19,13.66,57.55,0.19,3.11,25.08
2020-12-30,21.02,29.05,14.38,68.7,15.08,2.86,21.86
2020-12-31,19.62,23.67,16.04,83.11,80.37,2.51,13.31
2021-01-01,19.16,25.25,14.1,79.08,15.63,3.0,20.35
2021-01-02,19.64,26.08,15.09,75.76,4.75,2.77,25.8
2021-01-03,19.83,26.2,14.9,75.76,9.58,2.57,24.85
2021-01-04,19.66,26.76,14.82,68.83,2.46,2.58,25.66
2021-01-05,19.75,27.28,13.11,68.84,1.64,2.52,24.31
2021-01-06,19.81,26.95,14.24,65.74,0.47,2.65,25.36
2021-01-07,19.69,27.73,12.74,61.48,0.0,2.53,26.54
2021-01-08,20.23,26.7,13.03,60.18,0.07,1.61,25.46
2021-01-09,20.72,26.46,15.71,63.5,0.11,1.45,19.42
2021-01-10,20.18,26.83,14.65,58.77,0.05,2.41,13.86
2021-01-11,20.01,26.5,14.29,63.8,2.46,2.32,16.07
2021-01-12,19.92,26.43,14.97,68.37,2.78,2.58,14.63
2021-01-13,20.18,27.65,14.4,66.1,1.59,2.83,21.3
2021-01-14,20.47,28.41,13.71,62.57,0.39,2.83,23.09
2021-01-15,21.02,28.87,13.95,62.16,0.67,2.56,23.43
2021-01-16,21.18,27.97,15.82,64.76,1.25,2.69,21.31
2021-01-17,21.18,27.63,16.3,66.5,2.44,2.25,23.22
2021-01-18,21.01,28.09,14.44,64.85,0.8,2.32,20.32
2021-01-19,21.22,28.4,15.26,61.33,0.46,3.1,25.68
2021-01-20,21.29,29.46,14.01,56.91,0.01,3.42,26.27
2021-01-21,20.87,27.79,15.18,65.33,0.44,3.15,22.89
2021-01-22,20.76,27.6,15.91,73.26,3.28,3.57,17.1
2021-01-23,21.32,28.7,16.44,68.92,1.23,3.87,20.44
2021-01-24,21.0,28.8,14.13,64.52,0.21,3.51,22.62
2021-01-25,21.03,29.1,14.76,62.92,0.07,3.56,24.8
2021-01-26,20.63,29.14,13.8,58.8,0.02,3.62,26.56
2021-01-27,20.41,29.38,12.29,56.99,0.0,3.25,26.84
2021-01-28,21.17,30.04,13.02,57.11,0.0,2.97,25.93
2021-01-29,21.4,29.69,14.3,59.87,0.02,2.92,24.32
2021-01-30,21.22,30.02,14.06,53.49,0.0,3.19,26.08
2021-01-31,20.08,29.26,12.29,48.83,0.0,3.39,28.6
2021-02-01,19.89,28.31,12.43,53.71,0.01,3.56,27.78
2021-02-02,21.49,30.23,13.5,56.11,0.6,3.18,26.71
2021-02-03,21.9,30.29,14.89,54.83,0.1,3.27,27.01
2021-02-04,22.01,30.84,14.05,50.64,0.0,2.77,27.13
2021-02-05,22.54,31.02,14.19,50.67,0.04,2.18,26.7
2021-02-06,23.16,30.48,15.92,52.64,0.5,1.6,24.18
2021-02-07,22.61,28.23,17.39,61.57,3.49,1.86,16.69
2021-02-08,21.38,27.69,16.48,70.05,10.29,2.7,13.9
2021-02-09,21.48,28.43,15.92,69.38,4.38,2.87,15.42
2021-02-10,21.62,28.66,16.46,65.42,1.57,2.87,17.87
2021-02-11,21.25,27.31,17.17,63.62,2.01,2.22,21.19
2021-02-12,22.68,30.4,16.08,57.71,0.15,2.56,20.77
2021-02-13,22.6,29.7,16.96,61.85,1.85,2.16,18.13
2021-02-14,22.93,30.13,16.33,59.88,0.88,2.18,17.52
2021-02-15,23.07,30.94,17.44,57.51,1.71,3.15,23.84
2021-02-16,22.88,31.58,15.26,54.7,0.14,2.96,26.49
2021-02-17,23.01,31.98,15.0,57.12,0.05,3.43,25.94
2021-02-18,22.99,31.81,15.15,54.3,0.0,3.24,24.98
2021-02-19,23.43,32.2,14.89,49.64,1.02,2.72,24.14
2021-02-20,22.86,28.77,16.18,56.57,0.95,2.05,22.78
2021-02-21,22.91,28.97,18.1,62.42,1.84,2.39,18.85
2021-02-22,21.11,25.48,17.05,70.1,1.73,2.39,11.84
2021-02-23,21.58,29.49,14.28,56.1,0.04,2.51,22.5
2021-02-24,22.42,30.52,15.31,54.56,0.19,2.79,23.79
2021-02-25,22.62,31.54,14.91,52.84,0.0,3.21,23.93
2021-02-26,22.36,31.81,14.23,47.57,0.0,3.26,28.74
2021-02-27,22.38,32.18,13.5,43.72,0.0,2.91,28.59
2021-02-28,23.01,32.6,14.72,42.08,0.0,3.22,27.69
2021-03-01,23.19,31.33,16.15,46.76,0.01,3.43,25.87
2021-03-02,22.83,31.3,15.48,49.6,0.0,3.83,27.95
2021-03-03,23.33,31.88,15.52,46.12,0.0,3.6,28.09
2021-03-04,23.5,30.69,17.58,53.57,0.19,3.59,23.29
2021-03-05,23.06,28.99,18.0,59.39,0.95,3.44,21.79
2021-03-06,24.17,31.78,17.73,52.03,0.07,3.95,25.02
2021-03-07,23.58,31.52,17.33,52.25,0.65,3.41,26.64
2021-03-08,23.03,31.09,15.86,49.69,0.14,3.4,25.12
2021-03-09,22.71,31.47,15.07,47.79,0.03,3.77,26.69
2021-03-10,22.5,31.67,14.03,45.7,0.0,3.95,27.83
2021-03-11,23.01,32.39,14.4,46.2,0.0,3.51,28.55
2021-03-12,23.0,32.2,14.43,46.44,0.0,3.78,28.36
2021-03-13,23.27,32.42,14.87,47.47,0.02,3.69,26.67
2021-03-14,23.89,33.64,15.15,46.58,0.02,3.55,27.81
2021-03-15,23.32,31.15,17.01,51.0,0.34,3.58,25.79
2021-03-16,22.32,30.31,16.52,60.29,2.07,4.24,16.85
2021-03-17,22.96,31.18,15.77,58.52,1.4,3.9,22.62
2021-03-18,22.99,31.93,15.77,56.8,1.58,3.23,25.15
2021-03-19,23.29,32.22,15.72,57.6,1.31,3.5,24.36
2021-03-20,22.4,30.21,15.92,62.53,2.86,3.88,21.49
2021-03-21,22.05,29.61,16.66,64.79,5.36,3.71,18.62
2021-03-22,22.13,30.01,15.53,61.86,1.09,3.61,19.07
2021-03-23,22.78,31.5,15.4,57.87,0.23,3.83,25.56
2021-03-24,22.97,31.6,16.05,56.84,0.44,3.27,28.05
2021-03-25,23.41,32.62,15.24,46.71,0.0,3.04,28.76
2021-03-26,23.32,32.2,15.44,42.66,0.0,3.11,27.13
2021-03-27,23.84,32.05,15.18,44.39,1.0,2.72,19.93
2021-03-28,23.76,31.52,17.34,54.52,3.96,2.44,20.42
2021-03-29,23.54,30.62,18.12,55.98,1.99,2.57,20.52
2021-03-30,23.53,31.3,17.16,57.32,2.92,3.16,21.88
2021-03-31,23.27,31.29,16.29,58.4,2.9,3.28,23.98
2021-04-01,23.74,31.84,16.61,58.18,2.07,3.26,25.86
2021-04-02,22.9,29.71,17.87,60.61,1.98,2.44,23.5
2021-04-03,23.5,32.18,16.25,59.7,6.3,2.26,23.41
2021-04-04,22.27,28.53,17.49,67.47,9.2,2.25,21.36
2021-04-05,22.43,28.28,18.31,66.43,3.77,2.16,22.07
2021-04-06,23.04,30.61,17.23,63.1,1.94,2.94,21.95
2021-04-07,23.39,31.84,16.74,59.59,1.19,3.49,23.81
2021-04-08,22.01,28.58,16.31,69.27,17.04,2.94,22.05
2021-04-09,22.92,29.58,17.92,65.28,4.41,2.04,21.5
2021-04-10,22.59,29.44,17.69,64.02,2.55,2.78,22.87
2021-04-11,23.16,32.5,15.92,59.11,0.78,3.21,22.04
2021-04-12,23.13,31.5,16.5,58.94,0.47,2.62,23.01
2021-04-13,22.79,30.27,16.92,61.37,1.99,2.63,19.85
2021-04-14,23.2,31.33,16.3,56.44,0.28,2.45,26.2
2021-04-15,23.54,31.61,16.07,52.97,0.07,2.65,25.49
2021-04-16,23.63,31.52,16.56,56.97,0.77,2.57,23.9
2021-04-17,24.22,32.86,17.21,55.76,0.55,2.97,22.97
2021-04-18,23.71,32.52,16.53,56.05,2.28,3.31,21.56
2021-04-19,22.7,28.96,16.77,58.81,1.23,2.87,19.33
2021-04-20,22.15,29.69,15.66,62.17,2.75,3.07,21.26
2021-04-21,22.93,30.94,16.26,58.27,1.45,3.15,21.42
2021-04-22,22.83,31.15,16.3,62.67,12.93,2.62,21.41
2021-04-23,22.76,30.46,16.82,68.01,11.12,2.27,21.98
2021-04-24,22.68,29.58,17.39,67.42,6.08,2.43,21.98
2021-04-25,22.76,29.76,17.45,65.52,3.44,2.43,21.54
2021-04-26,23.33,30.42,16.84,61.67,1.84,1.64,23.37
2021-04-27,23.43,29.74,18.64,63.41,1.08,2.01,23.1
2021-04-28,23.54,31.72,17.0,58.28,0.5,2.78,23.16
2021-04-29,23.37,32.03,16.6,57.67,0.24,2.93,22.16
2021-04-30,23.71,31.9,16.53,57.27,0.45,2.47,24.12
2021-05-01,22.92,29.65,16.94,64.41,5.22,1.87,22.35
2021-05-02,23.49,31.24,16.7,61.26,3.08,1.64,22.29
2021-05-03,22.92,30.08,17.5,65.59,8.34,1.34,17.47
2021-05-04,22.61,28.97,18.42,69.68,9.94,1.39,22.29
2021-05-05,23.1,29.23,17.97,64.2,1.37,1.39,20.52
2021-05-06,22.06,29.42,15.62,64.02,5.8,1.78,20.66
2021-05-07,21.76,27.52,18.29,72.25,13.21,1.24,18.68
2021-05-08,20.73,24.85,18.07,79.65,28.98,1.56,18.81
2021-05-09,20.77,25.92,17.08,78.15,15.6,1.49,15.27
2021-05-10,20.84,25.72,17.46,76.71,14.29,1.5,15.87
2021-05-11,19.93,23.32,17.45,82.8,17.05,1.14,14.01
2021-05-12,20.06,23.78,17.47,80.74,20.73,1.16,12.95
2021-05-13,20.0,23.75,17.29,81.98,3.56,1.05,22.16
2021-05-14,21.62,27.86,16.25,70.47,0.21,1.77,23.66
2021-05-15,22.25,28.87,15.28,64.45,0.05,1.3,24.25
2021-05-16,22.19,28.02,15.9,69.49,0.89,1.29,24.2
2021-05-17,22.57,28.15,18.54,71.58,0.96,1.3,24.39
2021-05-18,22.97,28.79,17.51,69.87,0.76,1.49,23.51
2021-05-19,21.91,28.07,16.73,70.72,2.24,1.91,21.39
2021-05-20,21.84,27.82,15.87,69.8,1.1,1.59,23.73
2021-05-21,22.79,29.73,17.89,66.4,0.66,1.49,23.95
2021-05-22,22.86,29.52,16.26,62.72,0.49,1.4,23.59
2021-05-23,22.74,28.76,16.71,66.01,0.42,1.35,22.51
2021-05-24,22.14,27.78,17.82,69.82,2.2,1.81,19.95
2021-05-25,21.65,27.5,17.19,69.0,0.98,1.85,19.25
2021-05-26,21.24,27.77,15.47,65.58,0.36,2.2,23.02
2021-05-27,21.91,30.16,14.92,60.89,0.04,2.59,24.16
2021-05-28,22.44,30.15,15.34,60.25,0.14,2.12,24.44
2021-05-29,22.32,29.02,16.56,65.21,1.06,1.6,23.55
2021-05-30,21.62,28.23,16.59,68.51,1.88,2.43,19.72
2021-05-31,21.49,29.74,15.43,61.14,0.08,2.68,24.77
2021-06-01,21.59,29.01,13.97,59.87,0.06,2.06,22.14
2021-06-02,22.26,29.6,15.24,57.38,0.01,2.15,23.56
2021-06-03,22.77,30.14,15.29,57.43,0.03,1.54,22.09
2021-06-04,22.7,28.13,18.25,62.42,0.08,1.29,20.81
2021-06-05,22.5,28.88,17.56,62.43,0.77,1.68,20.88
2021-06-06,22.31,29.71,15.79,59.88,0.25,2.3,22.25
2021-06-07,21.83,30.15,14.78,57.77,0.02,2.37,24.62
2021-06-08,21.97,30.32,13.99,55.88,0.01,2.17,24.84
2021-06-09,22.37,30.38,14.82,58.32,0.08,2.24,23.13
2021-06-10,23.02,30.5,15.53,55.67,0.03,1.34,24.66
2021-06-11,22.51,28.79,15.91,59.72,0.77,1.62,21.21
2021-06-12,22.92,29.57,18.21,59.98,1.01,1.92,22.62
2021-06-13,22.12,28.18,16.71,61.69,0.72,1.56,20.69
2021-06-14,22.03,28.38,15.68,63.06,1.41,1.72,20.42
2021-06-15,21.9,28.37,17.51,66.32,1.76,1.96,18.66
2021-06-16,20.99,26.01,17.17,69.32,2.85,0.98,17.47
2021-06-17,21.32,26.67,17.23,68.33,1.84,1.62,18.57
2021-06-18,21.8,28.48,15.85,63.27,1.68,1.42,18.46
2021-06-19,21.98,28.33,16.33,60.36,0.25,1.1,19.55
2021-06-20,21.81,27.96,17.13,62.89,1.31,1.31,19.97
2021-06-21,21.8,28.28,16.1,60.55,0.74,1.32,19.42
2021-06-22,21.77,29.52,14.48,57.9,0.53,2.08,21.86
2021-06-23,21.83,30.15,14.57,54.82,0.29,2.26,23.2
2021-06-24,22.1,30.15,13.96,53.16,0.05,1.98,24.04
2021-06-25,21.69,27.91,16.75,58.93,0.82,1.36,20.45
2021-06-26,21.64,27.72,17.21,64.32,1.18,1.89,21.07
2021-06-27,21.97,28.28,16.91,61.49,0.69,1.72,22.07
2021-06-28,21.62,28.85,14.56,55.98,0.08,2.03,21.92
2021-06-29,21.55,28.21,14.85,56.8,0.23,1.85,20.2
2021-06-30,22.18,29.06,15.73,54.49,0.27,1.5,17.94
2021-07-01,21.95,27.74,16.81,60.5,1.43,1.46,20.32
2021-07-02,22.49,28.97,17.18,59.16,0.89,1.11,22.04
2021-07-03,22.64,28.06,17.51,56.66,0.82,1.21,20.91
2021-07-04,22.93,29.4,17.22,56.17,0.54,1.65,20.96
2021-07-05,22.14,28.3,16.07,60.74,1.42,1.29,19.84
2021-07-06,21.48,27.04,16.92,68.34,5.94,1.46,19.27
2021-07-07,20.52,26.04,16.98,74.82,5.23,1.56,16.79
2021-07-08,19.18,23.83,16.54,80.86,11.36,1.49,11.98
2021-07-09,19.35,23.42,16.18,80.46,14.24,1.55,14.16
2021-07-10,19.23,24.11,16.22,76.55,8.57,1.23,13.96
2021-07-11,19.32,24.14,15.87,74.34,2.05,1.07,16.28
2021-07-12,20.2,25.78,15.41,69.08,2.53,1.33,16.19
2021-07-13,20.56,25.58,16.56,69.66,1.95,1.22,15.99
2021-07-14,20.98,26.28,16.89,70.72,3.12,1.02,16.53
2021-07-15,20.47,25.7,16.33,70.63,3.71,1.19,16.42
2021-07-16,20.94,26.76,16.13,68.97,1.82,1.18,17.08
2021-07-17,19.44,23.69,17.05,77.86,4.46,1.33,16.34
2021-07-18,20.14,26.14,15.82,74.09,2.72,1.61,14.37
2021-07-19,19.57,24.49,16.25,76.96,6.26,1.06,11.13
2021-07-20,20.44,25.96,16.04,75.72,4.63,1.33,15.35
2021-07-21,20.6,25.74,16.53,71.64,0.91,1.43,15.66
2021-07-22,21.4,28.16,14.56,63.4,0.46,1.56,20.86
2021-07-23,20.65,26.55,17.22,74.44,2.84,1.3,20.55
2021-07-24,20.98,26.93,16.18,69.24,1.52,1.31,13.16
2021-07-25,20.42,27.21,14.33,64.09,0.89,2.07,16.49
2021-07-26,19.98,25.97,15.72,72.11,2.8,1.24,15.76
2021-07-27,19.78,24.86,15.26,69.37,1.83,1.54,15.15
2021-07-28,20.66,25.9,16.2,69.8,3.14,1.22,15.37
2021-07-29,19.74,24.86,16.32,74.89,3.79,1.1,15.72
2021-07-30,20.55,25.75,16.64,71.81,3.42,1.28,17.39
2021-07-31,21.21,28.41,13.88,63.05,0.99,1.94,21.72
2021-08-01,20.27,26.2,14.8,62.39,1.13,1.69,17.86
2021-08-02,19.94,25.15,15.19,70.51,2.44,1.65,15.85
2021-08-03,20.82,27.46,14.8,66.36,1.22,1.78,21.26
2021-08-04,21.07,27.49,15.11,62.92,0.6,2.01,22.18
2021-08-05,21.52,28.23,14.72,59.1,0.32,1.85,20.9
2021-08-06,21.45,28.13,14.95,62.3,2.7,2.01,22.84
2021-08-07,21.16,27.09,16.02,69.05,4.86,1.89,22.05
2021-08-08,19.91,24.1,17.22,77.52,8.41,1.44,17.44
2021-08-09,21.39,27.01,16.79,68.51,3.2,1.22,19.51
2021-08-10,20.79,27.1,15.89,73.73,2.49,1.33,20.77
2021-08-11,21.21,26.56,17.02,69.54,3.53,0.95,18.14
2021-08-12,21.49,27.24,16.61,67.32,1.18,1.56,21.11
2021-08-13,21.98,28.21,16.64,62.72,1.22,1.77,21.68
2021-08-14,20.72,26.04,16.32,68.49,1.2,1.91,18.68
2021-08-15,19.55,24.55,16.37,65.85,0.56,2.1,18.53
2021-08-16,21.17,27.74,14.6,60.29,0.54,1.91,18.19
2021-08-17,22.09,28.89,15.29,60.96,0.44,1.66,20.58
2021-08-18,22.58,29.06,16.45,59.31,0.87,1.4,23.23
2021-08-19,21.51,26.45,16.81,67.91,12.39,1.2,21.51
2021-08-20,21.11,27.02,16.03,68.01,8.06,1.99,20.12
2021-08-21,22.0,28.82,15.81,58.51,0.28,2.11,19.8
2021-08-22,22.65,30.57,15.98,54.59,0.11,2.57,23.13
2021-08-23,22.4,30.64,14.23,53.9,0.22,1.81,25.14
2021-08-24,22.69,30.66,14.78,49.73,0.21,2.03,25.7
2021-08-25,22.68,30.59,14.19,49.86,0.32,1.85,25.03
2021-08-26,22.78,30.69,13.86,50.44,0.34,1.85,25.61
2021-08-27,23.3,30.25,15.58,49.44,1.27,1.55,24.13
2021-08-28,23.1,29.9,16.28,57.4,1.37,1.52,24.67
2021-08-29,23.27,30.05,17.75,57.39,1.47,1.73,22.84
2021-08-30,22.69,28.45,17.13,61.71,2.16,1.38,18.56
2021-08-31,21.06,25.43,17.26,71.27,2.2,2.11,20.84
2021-09-01,21.87,28.16,16.47,66.4,3.23,1.75,20.13
2021-09-02,22.42,29.96,15.06,59.85,0.44,1.57,23.89
2021-09-03,21.98,28.19,16.1,60.6,2.53,1.86,20.22
2021-09-04,22.74,29.53,15.93,60.31,2.05,1.52,21.42
2021-09-05,22.77,29.09,16.44,60.53,1.34,1.54,21.68
2021-09-06,22.31,27.89,17.36,63.06,1.41,1.03,21.28
2021-09-07,23.71,30.41,18.23,54.85,0.49,1.21,22.77
2021-09-08,22.82,28.68,17.58,60.65,3.42,1.32,20.81
2021-09-09,22.65,29.25,17.16,61.46,3.82,1.56,18.82
2021-09-10,21.2,26.64,17.29,67.65,6.7,1.6,17.96
2021-09-11,21.68,28.76,15.31,61.97,1.35,2.16,22.71
2021-09-12,22.19,30.02,14.3,54.37,0.31,2.24,17.63
2021-09-13,23.34,30.79,15.42,52.91,0.23,1.5,25.97
2021-09-14,23.0,29.82,16.54,57.15,4.42,1.6,23.17
2021-09-15,23.01,28.93,17.47,63.46,4.18,1.54,23.53
2021-09-16,23.52,29.52,16.62,59.33,2.07,1.2,24.28
2021-09-17,23.39,28.93,18.5,64.18,9.22,1.23,22.49
2021-09-18,21.01,24.99,18.41,74.26,7.81,1.17,11.86
2021-09-19,21.5,26.51,17.34,70.02,3.86,1.17,18.23
2021-09-20,22.45,28.84,16.76,61.56,1.02,1.26,23.45
2021-09-21,22.7,29.89,16.1,62.17,2.48,1.69,25.05
2021-09-22,23.15,29.94,16.54,57.59,0.97,1.62,24.97
2021-09-23,23.2,30.93,15.68,54.88,0.17,2.07,25.23
2021-09-24,23.29,30.42,16.2,56.59,1.21,1.62,23.81
2021-09-25,21.35,26.56,16.96,59.63,2.11,1.95,20.38
2021-09-26,22.42,29.24,15.34,57.72,0.72,1.53,22.57
2021-09-27,22.81,28.0,18.54,59.03,0.64,1.38,22.72
2021-09-28,23.44,30.48,16.24,53.99,0.72,1.77,23.46
2021-09-29,25.04,32.79,17.3,48.36,0.1,1.51,25.82
2021-09-30,24.69,31.9,18.22,52.67,0.95,1.94,23.48
2021-10-01,22.72,27.93,18.36,63.99,5.72,1.38,21.2
2021-10-02,22.21,27.97,18.05,66.23,2.86,1.48,22.05
2021-10-03,23.23,29.97,16.46,56.58,1.41,1.68,24.08
2021-10-04,23.4,30.32,16.8,59.42,1.06,1.09,23.28
2021-10-05,23.62,29.99,17.68,58.88,1.79,1.09,21.68
2021-10-06,23.08,29.5,16.56,58.56,3.0,1.37,23.92
2021-10-07,23.33,29.47,17.24,60.4,3.9,1.42,22.62
2021-10-08,23.8,30.16,18.91,61.38,2.22,1.41,18.31
2021-10-09,23.76,29.89,18.61,60.73,3.11,1.09,23.49
2021-10-10,23.79,30.1,18.99,61.41,1.59,1.64,24.22
2021-10-11,24.53,32.12,18.43,55.53,1.08,2.08,22.9
2021-10-12,23.11,30.48,17.48,60.65,3.44,1.72,20.91
2021-10-13,21.66,26.54,17.77,66.01,1.42,1.48,18.29
2021-10-14,22.95,29.59,16.76,56.66,0.65,2.62,23.15
2021-10-15,23.07,30.92,15.31,52.9,0.56,2.41,23.05
2021-10-16,23.27,30.07,17.9,58.04,1.15,2.0,24.47
2021-10-17,24.0,31.24,16.7,49.35,0.16,1.75,24.03
2021-10-18,23.56,30.48,16.42,52.13,0.5,2.34,23.09
2021-10-19,23.78,31.88,16.63,54.92,1.84,3.05,24.39
2021-10-20,22.43,29.25,17.16,65.79,6.5,3.41,17.6
2021-10-21,22.6,30.8,16.66,61.85,2.64,2.9,19.9
2021-10-22,21.52,27.7,15.0,59.11,0.93,2.39,20.55
2021-10-23,21.5,28.31,15.01,58.17,4.67,2.88,19.11
2021-10-24,22.52,31.03,14.89,55.7,0.62,2.9,24.24
2021-10-25,22.64,31.59,16.13,56.16,1.62,2.71,22.97
2021-10-26,23.01,31.7,15.22,54.5,0.94,3.28,24.5
2021-10-27,23.01,31.34,16.23,54.6,1.92,2.83,24.45
2021-10-28,23.2,31.44,15.47,51.51,0.17,2.26,22.46
2021-10-29,22.73,29.61,15.91,52.55,1.01,2.56,22.97
2021-10-30,22.46,28.91,16.95,60.97,2.23,3.2,20.76
2021-10-31,22.58,29.97,16.26,59.82,1.57,3.37,23.07
2021-11-01,22.42,29.85,15.88,58.27,1.08,3.32,23.62
2021-11-02,22.85,30.75,16.32,57.07,0.28,3.23,23.19
2021-11-03,22.75,30.85,15.89,60.36,0.73,3.09,22.68
2021-11-04,23.22,30.84,17.03,56.81,1.65,3.2,24.03
2021-11-05,22.86,29.79,17.11,58.03,1.83,2.48,21.62
2021-11-06,23.01,29.77,17.17,57.13,2.46,2.14,22.53
2021-11-07,22.97,30.38,16.99,56.95,1.51,1.94,21.23
2021-11-08,23.72,30.78,17.06,53.13,0.61,2.04,23.71
2021-11-09,23.48,31.12,15.87,52.18,0.63,2.96,23.8
2021-11-10,23.43,30.69,18.04,57.82,0.68,3.65,23.57
2021-11-11,23.8,32.35,16.04,52.43,0.18,2.88,23.08
2021-11-12,24.47,33.07,16.35,47.91,0.38,2.9,24.36
2021-11-13,23.34,31.41,16.57,54.02,0.46,3.49,23.17
2021-11-14,23.34,32.23,15.79,52.17,0.05,3.64,24.04
2021-11-15,22.77,30.26,16.03,58.11,2.41,3.02,22.54
2021-11-16,22.49,30.42,17.07,62.73,4.71,3.15,18.3
2021-11-17,22.66,31.2,15.78,58.3,0.4,3.09,24.62
2021-11-18,23.16,31.75,15.41,55.02,0.24,2.82,22.37
2021-11-19,23.8,32.13,16.88,53.2,0.89,2.95,22.83
2021-11-20,23.54,31.74,16.53,57.95,3.88,2.65,22.18
2021-11-21,23.08,30.29,18.03,62.48,3.09,3.3,19.77
2021-11-22,22.91,30.61,16.53,61.41,1.23,3.27,24.36
2021-11-23,23.56,31.66,16.49,57.3,0.88,3.12,22.07
2021-11-24,24.54,32.51,17.17,52.28,1.42,2.19,23.71
2021-11-25,23.36,30.22,18.39,57.81,3.7,2.81,21.01
2021-11-26,23.06,30.28,16.59,58.32,1.9,3.38,20.05
2021-11-27,22.35,30.05,16.52,65.22,3.96,3.13,17.35
2021-11-28,21.64,29.02,16.55,65.56,4.15,3.28,15.75
2021-11-29,21.72,28.89,16.71,68.49,6.45,3.41,17.97
2021-11-30,21.02,27.87,16.33,71.25,7.5,3.58,15.97
2021-12-01,20.88,28.01,15.96,67.46,0.97,3.11,24.24
2021-12-02,20.99,28.9,14.83,68.15,6.18,3.09,20.91
2021-12-03,21.55,28.58,16.35,71.53,10.18,3.24,16.06
2021-12-04,21.3,27.85,16.54,71.72,3.79,3.5,17.73
2021-12-05,21.07,28.48,15.72,70.09,2.76,3.48,18.75
2021-12-06,21.31,29.15,15.81,67.46,1.23,3.37,20.71
2021-12-07,22.07,29.68,15.93,66.13,0.55,3.05,22.35
2021-12-08,22.57,29.78,17.23,64.74,0.7,3.07,19.28
2021-12-09,22.01,28.26,17.69,67.39,1.36,3.4,21.1
2021-12-10,21.56,29.28,16.34,61.0,0.37,3.6,22.1
2021-12-11,20.74,29.4,14.78,58.34,0.04,3.55,25.82
2021-12-12,20.31,28.36,14.23,62.4,0.16,4.12,24.29
2021-12-13,20.82,28.74,14.63,66.53,1.21,3.77,18.04
2021-12-14,21.32,28.54,16.04,69.74,3.76,3.24,20.32
2021-12-15,21.38,28.67,16.24,68.94,1.92,3.46,20.96
2021-12-16,21.35,29.2,15.91,68.78,1.42,3.82,20.07
2021-12-17,21.19,29.34,15.64,64.29,1.42,3.72,20.57
2021-12-18,21.4,28.64,15.27,68.2,3.2,2.9,17.53
2021-12-19,20.57,26.65,16.97,71.07,4.22,3.31,18.35
2021-12-20,20.93,27.31,16.31,72.32,2.83,3.5,18.59
2021-12-21,20.84,27.69,16.2,70.42,2.86,4.32,15.39
2021-12-22,20.06,26.63,15.24,71.75,4.3,3.95,15.43
2021-12-23,21.15,28.96,14.83,67.1,1.23,3.75,20.99
2021-12-24,21.78,29.3,16.39,68.6,0.82,3.88,20.13
2021-12-25,21.29,28.05,16.6,69.89,1.7,4.01,16.71
2021-12-26,21.43,29.06,16.2,69.38,1.18,3.9,15.67
2021-12-27,21.86,30.06,16.1,63.49,0.14,3.84,24.04
2021-12-28,21.63,28.91,16.23,67.93,1.63,3.33,19.62
2021-12-29,22.23,29.3,16.73,63.69,0.36,3.08,22.43
2021-12-30,22.22,28.89,17.58,60.28,0.42,2.58,22.56
2021-12-31,22.47,30.29,16.93,54.7,0.06,3.17,23.73
2022-01-01,21.38,29.36,15.19,52.18,0.01,2.71,25.48
2022-01-02,21.63,30.79,14.06,52.15,0.02,2.47,26.31
2022-01-03,21.51,30.6,14.22,51.61,0.06,2.64,26.88
2022-01-04,21.7,30.55,14.83,52.2,0.01,3.05,26.55
2022-01-05,21.34,29.78,13.78,57.57,0.55,3.29,22.6
2022-01-06,22.1,29.91,15.77,63.53,0.37,3.36,19.89
2022-01-07,22.43,30.47,16.39,61.15,0.12,3.72,20.22
2022-01-08,22.15,30.38,16.24,61.43,0.13,3.58,24.09
2022-01-09,21.46,30.51,13.49,59.33,0.01,3.46,25.07
2022-01-10,21.95,31.31,13.87,56.41,0.01,3.47,26.53
2022-01-11,21.04,30.17,13.35,57.82,0.01,3.96,23.92
2022-01-12,20.3,29.78,12.32,54.67,0.0,3.88,27.24
2022-01-13,20.61,30.56,11.61,51.58,0.01,3.55,27.46
2022-01-14,21.88,31.77,12.65,46.78,0.0,2.52,25.66
2022-01-15,23.04,31.05,15.99,53.05,1.9,1.84,20.63
2022-01-16,23.57,31.19,18.01,53.0,0.94,1.72,19.28
2022-01-17,22.93,29.37,18.38,59.43,2.89,1.63,11.1
2022-01-18,20.11,26.48,17.12,78.0,13.91,1.99,13.54
2022-01-19,20.82,26.55,16.63,69.22,1.12,2.04,22.84
2022-01-20,21.39,29.53,15.07,57.09,0.08,2.68,22.51
2022-01-21,20.98,28.17,14.3,60.91,1.57,2.58,20.31
2022-01-22,20.73,27.93,15.59,66.58,4.62,2.93,21.08
2022-01-23,20.52,28.67,13.46,58.44,0.13,2.98,25.42
2022-01-24,21.36,30.36,13.54,53.21,0.03,2.85,24.2
2022-01-25,20.51,28.33,13.53,56.59,0.08,3.0,26.77
2022-01-26,21.1,30.42,13.34,48.91,0.0,3.22,27.94
2022-01-27,20.65,30.34,12.3,48.11,0.01,2.73,27.63
2022-01-28,22.6,31.71,14.3,45.91,0.06,2.56,25.67
2022-01-29,22.87,31.12,16.81,49.54,0.62,3.17,24.31
2022-01-30,23.13,31.69,15.9,51.87,0.86,2.99,26.74
2022-01-31,22.8,31.11,16.06,53.65,0.64,2.48,21.75
2022-02-01,22.54,29.51,16.13,54.69,0.43,2.52,22.12
2022-02-02,23.2,30.93,16.69,57.82,0.52,3.3,22.39
2022-02-03,22.96,30.58,17.02,60.6,0.23,3.79,19.58
2022-02-04,23.25,31.2,16.32,56.71,0.23,3.22,22.25
2022-02-05,23.88,32.07,16.24,51.38,0.24,2.51,23.4
2022-02-06,23.98,31.28,16.86,46.14,0.46,2.92,23.13
2022-02-07,22.57,29.2,16.86,54.57,0.97,2.67,20.89
2022-02-08,22.25,30.16,14.78,48.08,0.03,3.29,27.99
2022-02-09,22.51,31.46,14.83,43.36,0.0,3.4,27.8
2022-02-10,22.98,32.17,13.95,39.54,0.01,3.14,27.67
2022-02-11,23.63,32.35,15.32,45.67,0.38,2.97,25.83
2022-02-12,23.64,32.02,15.73,51.69,0.37,3.3,24.56
2022-02-13,24.09,32.61,16.58,47.71,0.16,3.17,26.04
2022-02-14,23.67,31.71,16.57,48.53,0.91,2.86,25.25
2022-02-15,24.08,32.95,16.46,48.64,0.23,3.1,24.97
2022-02-16,24.7,33.01,17.33,45.1,0.19,3.03,23.54
2022-02-17,25.1,33.4,16.6,41.87,0.47,2.62,23.25
2022-02-18,25.21,33.55,17.46,47.24,1.34,2.51,24.1
2022-02-19,23.77,30.13,18.27,52.73,0.75,2.69,22.56
2022-02-20,23.55,30.91,16.62,51.24,0.62,3.13,23.31
2022-02-21,24.37,32.95,17.12,52.1,1.26,2.9,20.45
2022-02-22,22.91,29.36,17.7,62.25,4.04,2.48,18.73
2022-02-23,23.73,31.28,17.97,53.77,0.25,3.01,18.62
2022-02-24,22.84,31.24,16.83,55.71,0.09,3.18,18.13
2022-02-25,21.51,29.03,16.06,64.61,5.49,3.33,22.68
2022-02-26,23.53,32.36,15.76,54.73,0.16,3.19,23.8
2022-02-27,23.78,32.97,15.5,47.45,0.0,3.52,28.17
2022-02-28,23.79,32.93,15.07,46.82,0.02,3.8,26.32
2022-03-01,23.44,32.3,15.7,49.96,0.01,4.14,25.62
2022-03-02,20.99,27.91,15.7,62.78,24.64,3.49,26.39
2022-03-03,22.21,31.12,14.18,50.73,0.24,3.27,28.33
2022-03-04,22.76,31.63,15.16,47.76,0.54,3.31,28.65
2022-03-05,22.28,31.72,14.32,45.33,2.5,3.15,28.73
2022-03-06,22.41,31.57,14.59,54.58,5.84,3.36,27.95
2022-03-07,23.07,32.24,14.73,53.38,0.71,3.34,28.18
2022-03-08,23.94,32.97,16.41,52.15,0.1,3.16,27.07
2022-03-09,23.72,32.98,16.24,50.76,0.07,3.32,26.59
2022-03-10,23.19,32.43,14.97,48.3,0.04,3.63,27.03
2022-03-11,23.16,32.98,13.97,48.65,0.01,3.5,29.06
2022-03-12,23.27,33.02,14.7,44.75,0.01,3.4,29.08
2022-03-13,23.6,32.89,14.34,41.93,0.02,3.01,28.0
2022-03-14,24.04,31.69,15.98,43.92,0.04,3.51,24.23
2022-03-15,24.55,33.46,16.49,45.03,0.01,3.41,26.59
2022-03-16,24.42,33.78,16.62,42.42,0.21,3.02,27.76
2022-03-17,24.02,32.53,16.63,49.45,0.1,3.28,25.12
2022-03-18,23.41,32.46,15.08,49.06,0.45,3.36,26.26
2022-03-19,24.32,33.34,16.37,50.32,0.52,3.07,26.33
2022-03-20,25.03,33.47,18.05,46.21,0.22,3.49,28.19
2022-03-21,24.73,33.98,16.72,42.57,0.27,3.39,27.29
2022-03-22,24.6,33.88,16.66,43.43,0.07,3.71,27.87
2022-03-23,25.08,34.34,16.4,41.09,0.1,3.67,25.98
2022-03-24,25.09,33.69,17.33,44.5,1.55,3.26,25.68
2022-03-25,24.16,31.51,18.08,55.48,2.69,2.37,24.22
2022-03-26,23.9,31.27,18.3,58.21,2.95,2.38,21.6
2022-03-27,23.06,29.71,16.59,61.75,3.69,2.97,17.45
2022-03-28,22.94,29.69,17.73,66.22,11.5,3.28,21.09
2022-03-29,23.36,31.08,17.6,62.85,5.14,3.91,21.48
2022-03-30,22.93,30.73,16.71,58.72,0.41,3.97,23.08
2022-03-31,22.27,29.9,16.37,68.23,6.18,3.72,21.53
2022-04-01,22.23,29.31,17.01,65.92,2.61,4.11,20.43
2022-04-02,22.18,30.04,16.07,62.34,1.5,4.41,24.32
2022-04-03,22.23,30.75,14.65,58.66,0.4,3.98,23.67
2022-04-04,23.5,32.08,15.43,55.14,0.23,3.23,26.61
2022-04-05,24.37,32.67,17.72,50.09,0.15,3.54,25.42
2022-04-06,23.81,32.55,16.8,51.48,0.01,3.41,25.46
2022-04-07,23.65,31.66,16.47,49.83,0.01,3.57,25.47
2022-04-08,24.16,32.38,17.07,46.64,0.02,3.6,24.78
2022-04-09,24.26,33.11,16.92,50.16,0.01,3.64,26.2
2022-04-10,24.01,33.06,16.15,49.71,0.01,3.56,24.23
2022-04-11,23.8,32.6,15.66,49.62,1.81,3.12,21.69
2022-04-12,24.43,32.72,16.38,49.3,0.73,2.8,23.69
2022-04-13,24.66,32.3,17.9,50.7,1.47,2.85,22.79
2022-04-14,24.21,32.72,17.36,54.84,0.76,3.3,22.55
2022-04-15,23.63,32.0,17.49,58.36,4.67,2.67,19.31
2022-04-16,24.01,33.24,16.5,47.97,0.27,2.56,21.11
2022-04-17,23.87,31.7,15.82,47.69,1.6,1.85,18.03
2022-04-18,24.18,32.77,17.01,58.71,5.53,2.34,20.9
2022-04-19,24.0,31.67,18.27,58.6,1.35,3.32,22.0
2022-04-20,23.64,31.36,17.81,62.54,3.21,2.89,19.88
2022-04-21,22.62,28.64,18.72,69.98,9.09,2.43,18.09
2022-04-22,22.88,30.0,17.42,68.3,5.72,2.13,17.11
2022-04-23,22.65,29.95,17.72,67.83,3.82,2.31,19.17
2022-04-24,22.48,29.37,16.43,60.68,2.02,2.81,19.38
2022-04-25,22.34,28.97,16.12,63.7,2.26,2.06,23.73
2022-04-26,21.81,28.19,18.14,73.14,15.32,2.2,22.38
2022-04-27,22.85,30.45,17.5,64.13,8.1,1.88,21.79
2022-04-28,21.77,28.25,17.09,66.15,11.26,2.15,16.52
2022-04-29,22.43,30.04,16.33,62.1,1.17,2.71,21.14
2022-04-30,22.42,30.7,15.92,64.47,1.42,2.58,24.1
2022-05-01,21.98,28.06,17.5,70.32,4.03,1.94,19.9
2022-05-02,21.94,27.51,17.78,69.01,2.06,1.59,20.64
2022-05-03,22.7,28.9,17.8,64.67,1.93,1.7,21.23
2022-05-04,22.49,28.48,17.4,62.53,1.4,1.96,22.73
2022-05-05,23.16,30.15,17.07,58.64,0.87,2.26,23.53
2022-05-06,22.65,29.46,17.01,64.59,7.15,1.77,22.29
2022-05-07,23.29,30.59,17.05,62.94,1.68,1.84,20.72
2022-05-08,23.04,29.49,17.19,63.79,2.12,1.93,22.87
2022-05-09,23.7,31.93,16.54,57.51,0.81,2.43,23.36
2022-05-10,23.72,32.07,16.6,55.25,0.07,2.94,25.15
2022-05-11,23.7,32.12,16.36,55.35,0.26,2.58,24.36
2022-05-12,23.79,32.0,16.51,52.18,0.27,2.44,25.46
2022-05-13,23.37,31.11,16.41,57.53,1.38,2.57,25.72
2022-05-14,23.74,32.25,16.95,55.9,0.22,2.88,23.76
2022-05-15,23.18,32.08,15.55,52.45,0.0,2.94,24.18
2022-05-16,23.41,31.34,15.97,54.37,0.73,2.28,24.86
2022-05-17,23.38,30.19,17.53,58.0,1.8,1.69,22.96
2022-05-18,21.4,25.68,18.15,73.05,9.67,1.76,19.66
2022-05-19,22.33,28.86,17.51,67.06,4.65,2.0,22.68
2022-05-20,23.19,31.55,15.97,59.57,1.08,2.53,24.27
2022-05-21,23.48,31.05,16.61,58.32,1.23,2.2,23.31
2022-05-22,23.82,31.68,16.99,59.98,2.33,2.0,22.53
2022-05-23,24.03,31.58,17.65,56.77,1.61,2.1,21.06
2022-05-24,24.0,31.78,16.69,52.88,0.28,1.74,22.32
2022-05-25,23.21,29.55,17.82,58.42,0.96,1.41,18.49
2022-05-26,23.39,30.33,17.01,56.98,0.65,1.58,22.24
2022-05-27,23.52,30.78,17.21,59.04,3.64,1.77,20.44
2022-05-28,21.62,27.36,17.06,69.52,7.12,1.75,21.26
2022-05-29,21.64,29.17,15.25,65.22,3.59,1.88,19.11
2022-05-30,21.73,28.54,16.2,65.16,3.76,1.57,19.16
2022-05-31,22.25,29.18,16.06,59.76,0.64,1.85,23.87
2022-06-01,22.71,31.34,15.71,53.27,0.01,2.56,24.04
2022-06-02,22.7,31.42,15.84,52.56,0.01,2.82,24.03
2022-06-03,22.25,31.2,14.87,51.24,0.0,2.87,24.69
2022-06-04,22.58,31.46,13.84,49.04,0.07,2.44,24.6
2022-06-05,23.03,31.17,14.12,44.1,0.04,1.87,24.48
2022-06-06,23.64,30.27,16.27,48.59,0.29,1.49,22.82
2022-06-07,22.14,28.08,17.47,62.78,3.86,1.59,18.5
2022-06-08,21.07,27.03,16.65,64.52,2.34,1.62,17.19
2022-06-09,21.48,27.37,17.03,61.81,1.42,1.45,21.08
2022-06-10,21.72,27.98,16.71,63.44,3.71,1.48,22.57
2022-06-11,22.93,30.35,16.14,59.62,1.96,1.76,23.9
2022-06-12,23.2,30.19,16.81,58.74,1.68,1.51,24.06
2022-06-13,22.68,28.87,17.21,61.71,3.22,1.56,21.77
2022-06-14,22.62,29.41,16.42,59.41,1.0,1.82,22.72
2022-06-15,23.18,31.37,15.98,55.0,0.41,2.08,23.61
2022-06-16,22.6,31.19,15.31,53.51,0.26,2.61,22.92
2022-06-17,22.57,31.47,14.96,51.11,0.01,2.65,24.11
2022-06-18,22.66,30.48,15.25,53.39,0.45,2.11,21.63
2022-06-19,22.75,28.98,17.3,60.25,4.12,1.66,17.72
2022-06-20,20.57,25.25,17.44,73.26,8.61,1.07,15.51
2022-06-21,20.84,26.55,15.82,60.07,0.27,1.71,22.07
2022-06-22,21.65,27.56,16.65,63.02,1.57,0.96,19.39
2022-06-23,21.84,28.18,16.52,65.24,5.01,1.5,17.56
2022-06-24,19.98,24.34,16.44,74.51,4.57,1.51,18.71
2022-06-25,20.89,26.77,15.53,66.17,0.58,1.78,17.63
2022-06-26,20.23,25.38,16.29,64.17,0.28,1.85,16.57
2022-06-27,21.5,28.21,14.76,54.42,0.1,2.12,17.92
2022-06-28,21.68,28.54,15.15,54.8,0.13,1.92,20.15
2022-06-29,22.09,28.78,15.67,51.18,0.07,1.59,18.8
2022-06-30,22.2,28.4,16.81,53.31,0.09,1.44,20.28
2022-07-01,22.25,28.68,16.07,51.97,0.07,1.58,19.2
2022-07-02,21.85,27.73,16.64,56.77,0.14,1.73,20.72
2022-07-03,22.09,28.23,16.22,54.8,0.19,1.65,20.56
2022-07-04,21.92,27.88,16.93,56.8,0.3,1.39,19.87
2022-07-05,21.61,26.71,16.78,59.44,0.48,1.57,20.75
2022-07-06,22.89,29.41,17.17,53.96,0.17,1.36,21.45
